"Issue Type","Summary","Priority","Status","Component","Labels","Description"
"Epic","EPIC-01: Hệ thống Quản lý Tài khoản & Phân quyền Người dùng","High","Done","Auth","UserManagement,Security","*Mục tiêu Epic:* Quản lý toàn bộ vòng đời tài khoản người dùng từ đăng ký, đăng nhập, bảo mật xác minh email 2 lớp đến phân quyền Admin - Customer.\n\n*Phạm vi:* Authentication, Email Verification, Role-Based Access Control."
"Epic","EPIC-02: Gian hàng Ô tô & Quy trình Mua xe Trực tuyến","Highest","Done","Checkout","E-Commerce,Ordering","*Mục tiêu Epic:* Cho phép khách hàng tìm kiếm, chọn màu sắc xe, thêm vào giỏ hàng và đặt mua xe giao tận nơi tích hợp tính phí GHN.\n\n*Phạm vi:* Product Catalog, Color Variants, Cart, GHN Shipping API."
"Epic","EPIC-03: Cổng Thanh toán Điện tử Đa kênh (MoMo & SePay QR)","Highest","In Progress","Payment","Fintech,PaymentGateway","*Mục tiêu Epic:* Tích hợp cổng thanh toán MoMo ATM/QR và giải pháp Chuyển khoản ngân hàng VietQR tự động qua SePay Webhook.\n\n*Phạm vi:* MoMo Gateway API, SePay Auto Bank Transfer, IPN Webhook Security."
"Epic","EPIC-04: Dịch vụ Cho thuê xe Tự lái & Có tài xế","High","Done","Rental","CarRental,Booking","*Mục tiêu Epic:* Cung cấp giải pháp thuê xe ngắn/dài ngày, tự động tính tiền theo số ngày thuê và tùy chọn thuê kèm tài xế riêng.\n\n*Phạm vi:* Rental Booking, Date Validation, Pricing Engine, Deposit."
"Epic","EPIC-05: Dịch vụ Đặt lịch Lái thử xe & Xem xe tại Showroom","Medium","Done","Appointment","Showroom,CustomerCare","*Mục tiêu Epic:* Tiếp nhận yêu cầu hẹn lái thử và trải nghiệm xe thực tế từ khách hàng tại các cơ sở showroom.\n\n*Phạm vi:* Appointment Booking, Showroom Scheduling."
"Epic","EPIC-06: Cổng Quản trị Trung tâm Showroom (Admin Dashboard)","High","Done","Admin","Backoffice,AdminPortal","*Mục tiêu Epic:* Hệ thống quản lý dành cho ban điều hành: quản trị kho xe, duyệt đơn mua/thuê xe, quản lý lịch hẹn và đối soát giao dịch.\n\n*Phạm vi:* Admin Dashboard, Order Management, Rental Management, User Permissions."

"Story","US-01: Là khách hàng, tôi muốn đăng ký và kích hoạt tài khoản qua email để bảo mật thông tin","High","Done","Auth","Auth,UserStory","*User Story:* Là khách hàng mới, tôi muốn đăng ký tài khoản và nhận email kích hoạt có link bảo mật signed-url để kích hoạt tài khoản sử dụng dịch vụ.\n\n*Acceptance Criteria (Tiêu chí nghiệm thu):*\n- Form đăng ký bắt buộc: Họ tên, Email, Mật khẩu >= 8 ký tự, Nhập lại mật khẩu.\n- Đăng ký xong, hệ thống gửi email xác thực và chuyển hướng đến trang /email/verify.\n- Nhấp link email kích hoạt thành công, cột email_verified_at được ghi nhận trong CSDL.\n\n*Kết quả kiểm thử:* PASS - Đã nghiệm thu hoàn tất."
"Story","US-02: Là khách hàng, tôi muốn đăng nhập an toàn để quản lý đơn hàng của mình","High","Done","Auth","Auth,UserStory","*User Story:* Là thành viên, tôi muốn đăng nhập bằng email và mật khẩu để xem lịch sử mua xe và thuê xe cá nhân.\n\n*Acceptance Criteria:*\n- Kiểm tra khớp mật khẩu bcrypt.\n- Tạo phiên đăng nhập session bảo mật.\n- Có thông báo lỗi cụ thể khi nhập sai thông tin.\n\n*Kết quả kiểm thử:* PASS - Đã nghiệm thu hoàn tất."
"Story","US-03: Là khách hàng, tôi muốn chọn phiên bản màu sắc xe và thêm vào giỏ hàng","High","Done","Checkout","Checkout,UserStory","*User Story:* Là người mua xe, tôi muốn xem các tùy chọn màu sắc xe (Trắng ngọc trai, Đen ánh kim, Đỏ thể thao) và giá chênh lệch để đưa vào giỏ hàng.\n\n*Acceptance Criteria:*\n- Xe hiển thị đúng danh sách màu từ bảng product_colors.\n- Chọn màu cập nhật đúng đơn giá tương ứng.\n- Bấm Thêm vào giỏ hàng: session lưu đúng sản phẩm, màu sắc và số lượng.\n\n*Kết quả kiểm thử:* PASS - Đã nghiệm thu hoàn tất."
"Story","US-04: Là khách hàng, tôi muốn hệ thống tự tính phí vận chuyển theo Tỉnh/Huyện qua GHN","High","Done","Checkout","Checkout,Shipping,UserStory","*User Story:* Tại bước thanh toán, tôi muốn chọn Tỉnh/Thành phố, Quận/Huyện, Phường/Xã để hệ thống tự động tính cước vận chuyển giao xe tận nhà.\n\n*Acceptance Criteria:*\n- Dropdown địa giới hành chính tải nhanh từ API GHN (/locations/*).\n- Thay đổi quận/huyện tự động kích hoạt API tính cước và cộng dồn vào tổng tiền đơn hàng.\n\n*Kết quả kiểm thử:* PASS - Đã nghiệm thu hoàn tất."
"Story","US-05: Là khách hàng, tôi muốn thanh toán chuyển khoản VietQR tự động nhận diện qua SePay","Highest","Done","Payment","Payment,UserStory","*User Story:* Là người mua xe, tôi muốn thanh toán qua mã VietQR để hệ thống tự nhận diện tiền về ngân hàng và xác nhận đơn không cần chờ nhân viên duyệt thủ công.\n\n*Acceptance Criteria:*\n- Màn hình checkout hiển thị mã QR kèm nội dung chuyển khoản chứa mã đơn hàng.\n- SePay webhook gửi xác nhận thanh toán hợp lệ -> đơn hàng tự động cập nhật trạng thái 'paid'.\n- Chặn triệt để các request webhook giả mạo không có API Key (HTTP 401 Unauthorized).\n\n*Kết quả kiểm thử:* PASS - Đã nghiệm thu hoàn tất."
"Story","US-06: Là khách hàng, tôi muốn đặt thuê xe tự lái và tùy chọn có tài xế riêng","High","Done","Rental","Rental,UserStory","*User Story:* Là khách du lịch/công tác, tôi muốn đặt thuê xe theo ngày và có tùy chọn tài xế phục vụ.\n\n*Acceptance Criteria:*\n- Chọn ngày nhận và ngày trả xe (hệ thống bắt buộc ngày trả > ngày nhận).\n- Tích chọn 'Cần tài xế': tự động cộng thêm phụ phí tài xế/ngày vào tổng tiền thuê.\n- Lưu thông tin đặt xe vào bảng rentals với mã đơn thuê duy nhất (RNT-xxx).\n\n*Kết quả kiểm thử:* PASS - Đã nghiệm thu hoàn tất."
"Story","US-07: Là khách hàng, tôi muốn đặt lịch hẹn lái thử xe tại showroom gần nhất","Medium","Done","Appointment","Appointment,UserStory","*User Story:* Là người mua xe, tôi muốn đăng ký lịch hẹn chạy thử xe vào khung giờ rảnh để được tư vấn viên hỗ trợ trực tiếp.\n\n*Acceptance Criteria:*\n- Form gồm: Họ tên, Số điện thoại, Ngày hẹn, Giờ hẹn, Ghi chú.\n- Xác thực số điện thoại đúng định dạng.\n- Bản ghi appointment lưu vào CSDL với trạng thái 'pending'.\n\n*Kết quả kiểm thử:* PASS - Đã nghiệm thu hoàn tất."
"Story","US-08: Là Quản trị viên, tôi muốn phê duyệt đơn đặt xe và đơn thuê xe trên Dashboard","High","Done","Admin","Admin,UserStory","*User Story:* Là Admin Showroom, tôi muốn xem toàn bộ danh sách đơn đặt xe, đơn thuê xe và cập nhật trạng thái bàn giao xe.\n\n*Acceptance Criteria:*\n- Bộ lọc trạng thái đơn: Chờ xử lý, Đã xác nhận, Đang giao xe, Hoàn tất.\n- Cập nhật trạng thái cập nhật tức thì vào CSDL và đồng bộ phía khách hàng.\n\n*Kết quả kiểm thử:* PASS - Đã nghiệm thu hoàn tất."
"Story","US-09: Là Quản trị viên, tôi muốn phân quyền nâng cấp tài khoản Thành viên lên Quản trị viên","High","Done","Admin","Admin,Security,UserStory","*User Story:* Là Admin cấp cao, tôi muốn cấp hoặc hạ quyền Admin cho các tài khoản nhân viên khác một cách an toàn.\n\n*Acceptance Criteria:*\n- Có nút chuyển đổi vai trò (Toggle Role Admin <-> Customer).\n- Không cho phép Admin tự hạ quyền chính mình.\n- Được bảo vệ CSRF an toàn, tự động xử lý khi phiên hết hạn không gây lỗi 419.\n\n*Kết quả kiểm thử:* PASS - Đã nghiệm thu hoàn tất."

"Bug","BUG-01: [Security] Cổng MoMo IPN Webhook chấp nhận Signature giả mạo","Highest","In Progress","Payment","Bug,Security,Payment","*Mô tả lỗi:*\nKhi gửi POST request tới /payment/momo/ipn với signature không hợp lệ, hệ thống từng phản hồi HTTP 200 {'message':'Received'}.\n\n*Giải pháp đã thực hiện:*\nBổ sung kiểm tra nghiêm ngặt hash_equals() chữ ký trong MomoController::ipn(). Từ chối ngay bằng HTTP 400 Bad Request nếu signature không khớp.\n\n*Tình trạng:* Đã fix và kiểm thử pass."
"Bug","BUG-02: [Admin] Thao tác phân quyền User bị lỗi 419 Page Expired do CSRF","High","In Progress","Admin","Bug,Admin,CSRF","*Mô tả lỗi:*\nTại trang /admin/users, khi đổi quyền sau thời gian chờ dài, phiên làm việc hết hạn gây màn hình lỗi 419 Page Expired.\n\n*Giải pháp đã thực hiện:*\nBổ sung Exception Renderer trong bootstrap/app.php bắt TokenMismatchException và redirect back kèm flash error cảnh báo thân thiện, chuyển SESSION_DRIVER sang file storage để chống tràn cookie header.\n\n*Tình trạng:* Đã fix và kiểm thử pass."
"Bug","BUG-03: [Config] SESSION_DRIVER=cookie gây crash CLI 'Attempt to read property cookies on null'","Medium","In Progress","Core","Bug,Config","*Mô tả lỗi:*\nFile .env đặt SESSION_DRIVER=cookie khiến các tiến trình dòng lệnh CLI/Artisan crash vì không có cookie HTTP.\n\n*Giải pháp đã thực hiện:*\nChuyển toàn bộ cấu hình sang SESSION_DRIVER=file chuẩn enterprise cho cả môi trường web và CLI.\n\n*Tình trạng:* Đã fix và kiểm thử pass."
